language_initial,eng_vil_name,Lat,Lon,Family
Aghul агульский собственно,Bedyuk,41.716044000000004,47.525715000000005,Lezgic
Aghul агульский собственно,Burkikhan,41.806356,47.538467,Lezgic
Aghul агульский собственно,Goa,41.753585,47.703213,Lezgic
Aghul агульский собственно,Duldug,41.76833,47.67438,Lezgic
Aghul агульский собственно,Kvardal,41.6803,47.56277,Lezgic
Aghul агульский собственно,Kurag,41.836764,47.661351,Lezgic
Aghul агульский собственно,Misi,41.809909999999995,47.60329,Lezgic
Aghul агульский собственно,Richa,41.763646,47.502769,Lezgic
Aghul агульский собственно,Tpig,41.780423,47.589523,Lezgic
Aghul агульский собственно,Ukuz,41.696017,47.591355,Lezgic
Aghul агульский собственно,Usug,41.672481,47.594623999999996,Lezgic
Aghul агульский собственно,Fite,41.79161,47.739979999999996,Lezgic
Aghul агульский собственно,Khveredzh,41.702059999999996,47.572179999999996,Lezgic
Aghul агульский собственно,Khpyuk,41.66667,47.66667,Lezgic
Aghul агульский собственно,Khutkhul,41.78517,47.614509999999996,Lezgic
Aghul агульский собственно,Tsirkhe,41.91513,47.596790000000006,Lezgic
Aghul агульский собственно,Yarkug,41.798140000000004,47.68435,Lezgic
Aghul кошанский,Arsug,41.86408,47.65011,Lezgic
Aghul кошанский,Burshag,41.89626,47.641020000000005,Lezgic
Aghul кошанский,Khudig,41.85373,47.65854,Lezgic
Akhvakh сев.-ахвах.,Izano,42.52735,46.403890000000004,Andic
Akhvakh сев.-ахвах.,Kvankero,42.552440000000004,46.3404,Andic
Akhvakh сев.-ахвах.,Kudiyabroso,42.541069,46.377932,Andic
Akhvakh сев.-ахвах.,Tad-Magitl',42.550266,46.348953,Andic
Akhvakh южно-ахвахский,Ratlub,42.359268,46.433433,Andic
Akhvakh южно-ахвахский,Tlyanub,42.43568,46.45745,Andic
Akhvakh южно-ахвахский,Tsekob,42.422785,46.450219,Andic
Andi верхне-андийски,Ashali,42.76963,46.30878,Andic
Andi верхне-андийски,Gagatli,42.800360999999995,46.292645,Andic
Andi верхне-андийски,Zilo,42.731394,46.319223,Andic
Andi верхне-андийски,Rikvani,42.782303999999996,46.319371999999994,Andic
Andi верхне-андийски,Khando,42.72694,46.23361,Andic
Andi верхне-андийски,Tsibilta,42.74322,46.243109999999994,Andic
Andi верхне-андийски,Chanko,42.717936,46.246417,Andic
Andi нижне-андийский,Kvankhidatli,42.65789,46.271741999999996,Andic
Andi нижне-андийский,Muni,42.680242,46.308873999999996,Andic
Andi нижне-андийский,Rushukha,42.715090000000004,46.28112,Andic
Archi верхне-андийски,Archib,42.0664,46.8678,Lezgic
Archi верхне-андийски,Kalib,42.07054,46.86002,Lezgic
Archi верхне-андийски,Keserib,42.0647,46.888000000000005,Lezgic
Archi верхне-андийски,Kubatl',42.036590000000004,46.85973,Lezgic
Archi верхне-андийски,Khilikh,42.05838,46.88751,Lezgic
Archi верхне-андийски,Khitab,42.075379999999996,46.867234,Lezgic
Avar ,Agada,42.412001000000004,46.841895,Avar
Avar ,Aymaki,42.5342,47.1383,Avar
Avar ,Akaytala,43.03176,46.92583,Avar
Avar ,Akushali,42.4992,46.9504,Avar
Avar ,Alak,42.6092,46.1972,Avar
Avar ,Amishta,42.629670000000004,46.552971,Avar
Avar ,Amushi Bol'shoe,42.63752,46.4864,Avar
Avar ,Amushi Maloe,42.650445,46.487815000000005,Avar
Avar ,Anada,42.17306,46.369170000000004,Avar
Avar ,Andykh,42.5119,46.5939,Avar
Avar ,Ansalta,42.6939,46.1147,Avar
Avar ,Arakani,42.610078,46.991710999999995,Avar
Avar ,Argvani,42.8128,46.5792,Avar
Avar ,Arkas,42.65194,47.138329999999996,Avar
Avar ,Assab,42.471596000000005,46.492475,Avar
Avar ,Akhalchi,42.594957,46.631744,Avar
Avar ,Akhkent,42.57353,47.18488,Avar
Avar ,Ashil'ta,42.772446,46.728853,Avar
Avar ,Baginub,42.1743,46.88159,Avar
Avar ,Baitl',42.546452,46.676472,Avar
Avar ,Balanub,42.4284,46.8251,Avar
Avar ,Balakhani,42.63128,46.895140000000005,Avar
Avar ,Barnab,42.079640000000005,46.37894,Avar
Avar ,Batlaich,42.554821000000004,46.754217,Avar
Avar ,Batsada,42.3036,46.9092,Avar
Avar ,Bezhuda,42.200348,46.479175,Avar
Avar ,Betli,42.72372,46.73388,Avar
Avar ,Bol'shoy Urala,42.424277000000004,46.805844,Avar
Avar ,Bochokh,42.22,46.28472,Avar
Avar ,Bukhty,42.240712,46.985633,Avar
Avar ,Butsra,42.58902,46.7677,Avar
Avar ,Verkhnee Inkho,42.706590000000006,46.50415,Avar
Avar ,Verkhnie Akhalchi,42.599109999999996,46.63581,Avar
Avar ,Verkhniy Aradirikh,42.67099,46.60372,Avar
Avar ,Verkhniy Batlukh,42.496276,46.502217,Avar
Avar ,Verkhniy Dzhengutay,42.67476,47.23415,Avar
Avar ,Verkhniy Karanay,42.8281,46.9072,Avar
Avar ,Verkhniy Kolob,42.426140000000004,46.6579,Avar
Avar ,Gagar,41.999252,46.592744,Avar
Avar ,Gadari,42.807303000000005,46.621237,Avar
Avar ,Gamsutl',42.301972,46.996315,Avar
Avar ,Garakolob,42.048887,46.455015,Avar
Avar ,Gatsalukh,42.59298,46.64949,Avar
Avar ,Gvedysh,42.135909999999996,46.41437,Avar
Avar ,Gebguda,42.190026,46.354817,Avar
Avar ,Gebguda,42.190026,46.354817,Avar
Avar ,Gendukh,42.13476,46.403084,Avar
Avar ,Genekolob,41.916992,46.600198999999996,Avar
Avar ,Genichutl',42.56455,46.73959,Avar
Avar ,Genta,42.37001,46.560990000000004,Avar
Avar ,Gergebil',42.5047,47.0661,Avar
Avar ,Gidatli,42.266327000000004,46.374506,Avar
Avar ,Gidib,42.229420000000005,46.80621,Avar
Avar ,Gilib,42.1169,46.7761,Avar
Avar ,Gimry,42.757219,46.838739000000004,Avar
Avar ,Gindib,42.11296,46.50397,Avar
Avar ,Goab,42.097184999999996,46.738407,Avar
Avar ,Gogotl',42.454809999999995,46.76547,Avar
Avar ,Golotl',42.485962,46.735698,Avar
Avar ,Gonoda,42.4697,46.7892,Avar
Avar ,Gonokh,42.56163,46.6896,Avar
Avar ,Gontlob,42.280673,46.726468,Avar
Avar ,Goor,42.43339,46.56927,Avar
Avar ,Goor-Khindakh,42.449273,46.575312,Avar
Avar ,Gortkolo,42.576655,46.63945,Avar
Avar ,Gortnob,41.962665,46.525604,Avar
Avar ,Gotsatl' Bol'shoy,42.51862,46.88262,Avar
Avar ,Gotsatl' Malyy,42.5041,46.888290000000005,Avar
Avar ,Gotsob,42.58963,46.869009999999996,Avar
Avar ,Gochada,42.272626,46.765271999999996,Avar
Avar ,Gochob,42.2375,46.6642,Avar
Avar ,Gunib,42.388232,46.962258,Avar
Avar ,Gunukh,42.280429999999996,46.76307,Avar
Avar ,Dagbash,42.380347,46.351960999999996,Avar
Avar ,Dadulazda,42.4189,46.80373,Avar
Avar ,Darada,42.465606,46.936572999999996,Avar
Avar ,Datuna,42.47357,46.643640000000005,Avar
Avar ,Dzhalaturi,42.631847,46.567028,Avar
Avar ,Doronub,42.124689000000004,46.809427,Avar
Avar ,Durangi,42.635709999999996,47.223659999999995,Avar
Avar ,Dusrakh,42.1275,46.8792,Avar
Avar ,Zhazhada,42.197157000000004,46.424903,Avar
Avar ,Zaib,42.489364,46.707471999999996,Avar
Avar ,Zanata,42.485146,46.552771,Avar
Avar ,Zirani,42.61797,46.944359999999996,Avar
Avar ,Ziurib,42.41789,46.705088,Avar
Avar ,Ivaylazda,42.42,46.799170000000004,Avar
Avar ,Igali,42.7181,46.5811,Avar
Avar ,Izta,42.308890000000005,46.35667,Avar
Avar ,Ingerdakh,42.589259999999996,46.398373,Avar
Avar ,Ingishi,42.774770000000004,46.542640000000006,Avar
Avar ,Inkvalita,42.69936,46.68833,Avar
Avar ,Iputa,42.47852,46.965920000000004,Avar
Avar ,Irganay,42.649543,46.912048,Avar
Avar ,Irib,42.1606,46.8169,Avar
Avar ,Ichichali,42.732617,46.405263,Avar
Avar ,Ishtiburi,42.679149,46.702701,Avar
Avar ,Kabasida,42.205771,46.341334,Avar
Avar ,Kamilukh,41.90911,46.631009999999996,Avar
Avar ,Karadakh,42.471022999999995,46.863724,Avar
Avar ,Karanub,42.12262,46.81777,Avar
Avar ,Kardib,42.111443,46.514655,Avar
Avar ,Katroso,42.188328999999996,46.33021,Avar
Avar ,Kakh,42.557664,46.790848,Avar
Avar ,Kakhabroso,42.73896,46.704696999999996,Avar
Avar ,Kakhib,42.4272,46.5969,Avar
Avar ,Kakhikal,42.499065,46.874809,Avar
Avar ,Kversatl',42.302562,46.392793,Avar
Avar ,Keger,42.3767,47.0275,Avar
Avar ,Kedi,42.526109999999996,45.966390000000004,Avar
Avar ,Kizhani,42.74031,46.364775,Avar
Avar ,Kikuni,42.513979,47.036122,Avar
Avar ,Kilyatl',42.704637,46.466046,Avar
Avar ,Kishdatl',42.304638,46.342239,Avar
Avar ,Kienikh,42.43056,46.66639,Avar
Avar ,Kolo,42.65769,46.56607,Avar
Avar ,Kolo,42.65769,46.56607,Avar
Avar ,Koroda,42.44961,46.846988,Avar
Avar ,Kosob,42.242893,46.368239,Avar
Avar ,Kosroda,42.131409999999995,46.858290000000004,Avar
Avar ,Kuanib,42.509735,46.611385,Avar
Avar ,Kudali,42.3678,47.0789,Avar
Avar ,Kudutl',42.5783,47.0194,Avar
Avar ,Kuker,42.431059999999995,46.80982,Avar
Avar ,Kuletsma,42.5556,47.2339,Avar
Avar ,Kulla,42.31346,46.910140000000006,Avar
Avar ,Kunzakh,42.74884,46.66488,Avar
Avar ,Kusur,41.781293,46.949207,Avar
Avar ,Kutikh,42.12587,46.78902,Avar
Avar ,Kutisha,42.4236,47.2831,Avar
Avar ,Kutlab,42.09663,46.32982,Avar
Avar ,Kuchrab,42.175059999999995,46.902440000000006,Avar
Avar ,Lakhchayda,42.41345,46.8378,Avar
Avar ,Magar,42.19546,46.843669,Avar
Avar ,Magitl',42.248081,46.366738,Avar
Avar ,Mazada,42.197896,46.390091999999996,Avar
Avar ,Manasaul,42.7575,47.0397,Avar
Avar ,Machada,42.37839,46.53725,Avar
Avar ,Machar,42.206556,46.335204,Avar
Avar ,Mesterukh,42.5747,46.3964,Avar
Avar ,Metrada,42.393034,45.888954,Avar
Avar ,Mekhel'ta,42.798277,46.497361,Avar
Avar ,Mitliurib,42.43537,46.688359999999996,Avar
Avar ,Mogrob,42.15672,46.86521,Avar
Avar ,Mokoda,42.42385,46.66963,Avar
Avar ,Moksob,43.434003999999995,46.48603,Avar
Avar ,Moksokh,42.6538,46.80572,Avar
Avar ,Mochokh,42.63159,46.61242,Avar
Avar ,Moschob,42.21389,46.79167,Avar
Avar ,Mugdab,42.420445,46.807522999999996,Avar
Avar ,Mugurukh,42.26064,46.86533,Avar
Avar ,Mukutl',42.19562,46.861381,Avar
Avar ,Murada,42.445422,46.954469,Avar
Avar ,Murukh,42.277190000000004,46.7715,Avar
Avar ,Musrukh,42.32897,46.51614,Avar
Avar ,Muschuli,42.633706,46.498593,Avar
Avar ,Nadar,42.097359999999995,46.36025,Avar
Avar ,Nakazukh,42.264594,46.914238,Avar
Avar ,Nizhnee Inkho,42.704518,46.507752,Avar
Avar ,Nizhnie Chugli,42.46318,47.29733,Avar
Avar ,Nizhnie Khvarshini,42.4108,45.8697,Avar
Avar ,Nizhniy Aradirikh,42.68979,46.568219,Avar
Avar ,Nizhniy Batlukh,42.4853,46.5239,Avar
Avar ,Nizhniy Karanay,42.84729,46.940488,Avar
Avar ,Nizhniy Kolob,42.430087,46.659303,Avar
Avar ,Nizhniy Chiryurt,43.172990000000006,46.863279999999996,Avar
Avar ,Nikar,42.0737,46.406903,Avar
Avar ,Niklida,42.199940999999995,46.406484999999996,Avar
Avar ,Nitab,42.51925,46.63256,Avar
Avar ,Nitilsukh,42.04732,46.42938,Avar
Avar ,Noyrukh,42.193895,46.38005,Avar
Avar ,Nukush,42.1492,46.80579,Avar
Avar ,Nukhotkolob,42.23195,46.265721,Avar
Avar ,Oboda,42.578542,46.668203000000005,Avar
Avar ,Obokh,42.28362,47.03734,Avar
Avar ,Orada-Chugli,42.493840000000006,47.222640000000006,Avar
Avar ,Orkachi,42.6058,46.81797,Avar
Avar ,Orota,42.65915,46.53772,Avar
Avar ,Ortakolo,42.67057,46.38882,Avar
Avar ,Okhli,42.55565,47.209281,Avar
Avar ,Ochlo,42.642518,46.64532,Avar
Avar ,Ravkvatl',42.372455,46.579617,Avar
Avar ,Rakhata,42.6911,46.1414,Avar
Avar ,Ritlyab,42.05087,46.71917,Avar
Avar ,Rosnob,42.055,46.41194,Avar
Avar ,Rosta,42.200559999999996,46.39667,Avar
Avar ,Rosutl',42.41533,46.8308,Avar
Avar ,Rugel'da,42.3175,46.5244,Avar
Avar ,Rugudzha,42.3606,46.9139,Avar
Avar ,Rul'dab,42.18472,46.85028,Avar
Avar ,Sabda,42.311355,46.371346,Avar
Avar ,Salda,41.97497,46.50848,Avar
Avar ,Salta,42.39589,47.070479999999996,Avar
Avar ,Saniorta,42.03195,46.44246,Avar
Avar ,Sasitli,42.496173,45.996762,Avar
Avar ,Sachada,42.258410999999995,46.699595,Avar
Avar ,Sekh,42.416094,46.826446999999995,Avar
Avar ,Sikar,42.07966,46.41127,Avar
Avar ,Silta,42.38728,47.07127,Avar
Avar ,Sil'di,42.4552,45.92715,Avar
Avar ,Sinida,42.20341,46.39071,Avar
Avar ,Sogratl',42.2808,46.9914,Avar
Avar ,Sodab,42.215081,46.81015,Avar
Avar ,Somoda,42.30272,46.5368,Avar
Avar ,Sredniy Aradirikh,42.68121,46.580220000000004,Avar
Avar ,Sumeta,42.262025,46.705541,Avar
Avar ,Tagada,42.497572999999996,46.868389,Avar
Avar ,Tadiyal,42.11099,46.4823,Avar
Avar ,Talsukh,42.04741,46.40589,Avar
Avar ,Talukh,42.25652,46.74433,Avar
Avar ,Tamuda,42.21001,46.382,Avar
Avar ,Tando,42.707696,46.175693,Avar
Avar ,Tanusi,42.58233,46.69233,Avar
Avar ,Tasuta,42.71731,46.22568,Avar
Avar ,Teletl',42.4289,46.7317,Avar
Avar ,Tidib,42.3889,46.5742,Avar
Avar ,Tilanib,42.310964,46.366528,Avar
Avar ,Tilutl',42.109079,46.350054,Avar
Avar ,Tinchuda,42.198609999999995,46.45306,Avar
Avar ,Tlaylukh,42.6208,46.52428,Avar
Avar ,Tlobzoda,42.17944,46.371109999999994,Avar
Avar ,Tlogob,42.4189,46.8153,Avar
Avar ,Tlokh,42.6492,46.4578,Avar
Avar ,Tlyanada,42.02864,46.51038,Avar
Avar ,Tlyarosh,42.275317,46.751805,Avar
Avar ,Tlyakh,42.389928000000005,46.540021,Avar
Avar ,Tokh,42.222291999999996,46.291546000000004,Avar
Avar ,Tokhota,42.0178,46.4639,Avar
Avar ,Tumagari,42.58165,46.60662,Avar
Avar ,Tunzi,42.46888,46.97573,Avar
Avar ,Uzdalroso,42.48612,46.85577,Avar
Avar ,Ukal,42.121629999999996,46.34771,Avar
Avar ,Ul'geb,41.964253,46.523688,Avar
Avar ,Unkida,42.328697999999996,46.885731,Avar
Avar ,Unty,42.311452,46.944631,Avar
Avar ,Untsukul',42.7131,46.7875,Avar
Avar ,Urada,42.3822,46.5617,Avar
Avar ,Urib,42.4564,46.6736,Avar
Avar ,Urma,42.5383,47.2869,Avar
Avar ,Urukh-Sota,42.24222,46.67694,Avar
Avar ,Urchiab,42.657739,47.016338,Avar
Avar ,Urchukh,42.325548,46.495518,Avar
Avar ,Utlukh,42.267533,46.730055,Avar
Avar ,Khadakolob,42.231683000000004,46.261819,Avar
Avar ,Khadiyal,42.0989,46.4653,Avar
Avar ,Khamagib,42.402538,46.850421999999995,Avar
Avar ,Khamakal,42.428109,46.674496999999995,Avar
Avar ,Khamar,42.095867999999996,46.383695,Avar
Avar ,Khantakolob,42.219440000000006,46.29083,Avar
Avar ,Kharada,42.222648,46.258528000000005,Avar
Avar ,Kharakhi,42.6433,46.5211,Avar
Avar ,Kharachi,42.677440000000004,46.82263,Avar
Avar ,Kharikolo,42.5451,46.80847,Avar
Avar ,Khakhita,42.4667,47.2642,Avar
Avar ,Khatsunob,42.425999,46.802058,Avar
Avar ,Khvarada,42.46889,46.99406,Avar
Avar ,Khvartikuni,42.4569,47.0067,Avar
Avar ,Khebdib,42.43,46.86,Avar
Avar ,Kheleturi,42.612495,46.225441,Avar
Avar ,Khidib,42.17812,46.36299,Avar
Avar ,Khimakoro,42.590092,46.617523,Avar
Avar ,Khini,42.52767,46.70496,Avar
Avar ,Khintida,42.220546999999996,46.275395,Avar
Avar ,Khinub,42.17454,46.824059999999996,Avar
Avar ,Khobokh,42.204624,46.379234000000004,Avar
Avar ,Khopor,42.352716,46.937396,Avar
Avar ,Khorta,42.193290000000005,46.359759999999994,Avar
Avar ,Khorta,42.193290000000005,46.359759999999994,Avar
Avar ,Khorta,42.193290000000005,46.359759999999994,Avar
Avar ,Khorta,42.193290000000005,46.359759999999994,Avar
Avar ,Khotlob,42.201243,46.432755,Avar
Avar ,Khotoda,42.39393,46.559446,Avar
Avar ,Khotoch,42.408408,46.954024,Avar
Avar ,Khunzakh,42.5394,46.705,Avar
Avar ,Khurukh,42.18441,46.85807,Avar
Avar ,Khuchada,42.400234999999995,46.469178,Avar
Avar ,Tsada,42.56694,46.7125,Avar
Avar ,Tsalada,42.42472,46.81472,Avar
Avar ,Tsalkita,42.617979999999996,46.57339,Avar
Avar ,Tsanatl',42.72244,46.62252,Avar
Avar ,Tsatanikh,42.667792999999996,46.723937,Avar
Avar ,Tsel'mes,42.623464,46.538548999999996,Avar
Avar ,Tsemer,42.15195,46.752959999999995,Avar
Avar ,Tseneb,42.206684,46.842652,Avar
Avar ,Tsilitl',42.8125,46.4156,Avar
Avar ,Tsimguda,42.01269,46.5665,Avar
Avar ,Tsoloda,42.63827,46.36626,Avar
Avar ,Tsulda,42.27357,46.72095,Avar
Avar ,Tsumilukh,42.059740000000005,46.412420000000004,Avar
Avar ,Tsundi,42.740996,46.436577,Avar
Avar ,Chadakolob,42.19182,46.31981,Avar
Avar ,Chalda,42.538206,46.920351000000004,Avar
Avar ,Chanab,42.125345,46.904340000000005,Avar
Avar ,Charoda,42.2764,46.8019,Avar
Avar ,Chvadab,42.13028,46.87639,Avar
Avar ,Chirkata,42.783992,46.716609000000005,Avar
Avar ,Chitab,42.10412,46.86914,Avar
Avar ,Chitl',42.722594,46.504009,Avar
Avar ,Chododa,42.193439,46.314784,Avar
Avar ,Chondotl',42.547748999999996,46.659112,Avar
Avar ,Choroda,41.980959999999996,46.496959999999994,Avar
Avar ,Chokh,42.3206,47.0336,Avar
Avar ,Chvadab,42.13028,46.87639,Avar
Avar ,Chuni,42.34832,47.30303,Avar
Avar ,Chunib,42.20496,46.82498,Avar
Avar ,Shabdukh,42.75612,46.42139,Avar
Avar ,Shangoda,42.246859,47.000153000000005,Avar
Avar ,Shidib,42.214353,46.300745,Avar
Avar ,Shidib,42.214353,46.300745,Avar
Avar ,Shodroda (Shadroda),42.678426,46.12155,Avar
Avar ,Shotota,42.58165,46.577290000000005,Avar
Avar ,Shulatuta,42.63167,46.858059999999995,Avar
Avar ,Shushanovka,43.20156,46.98195,Avar
Avar ,Ebuta,42.59275,46.66626,Avar
Avar ,Egeda,42.409124,46.844276,Avar
Avar ,Enseruda,42.40611,46.852779999999996,Avar
Bagvalal ,Gimerso,42.561489,46.227545,Andic
Bagvalal ,Kvanada,42.561478,46.173970000000004,Andic
Bagvalal ,Tlibisho,42.56054,46.30101,Andic
Bagvalal ,Tlisi,42.562090000000005,46.27428,Andic
Bagvalal ,Tlondoda,42.5247,46.1989,Andic
Bagvalal ,Khushtada,42.517389,46.166126,Andic
Bezhta ,Bezhta,42.1339,46.1247,Tsezic
Bezhta ,Tlyadal,42.125339000000004,46.237246999999996,Tsezic
Botlikh ,Botlikh,42.667813,46.221451,Andic
Botlikh ,Miarso,42.654059000000004,46.175643,Andic
Chamalal ,Agvali,42.541191999999995,46.121798,Andic
Chamalal ,Agvali,42.541191999999995,46.121798,Andic
Chamalal ,Batlakhatli,42.580364,46.058877,Andic
Chamalal ,Gadiri,42.566265,46.065746000000004,Andic
Chamalal ,Gachitli,42.551361,46.088803000000006,Andic
Chamalal ,Gigatl',42.58136,46.0964,Andic
Chamalal ,Gigikh,42.532529,46.101766999999995,Andic
Chamalal ,Nizhnie Gakvari,42.53602,46.05171,Andic
Chamalal ,Richaganikh,42.497240000000005,46.05853,Andic
Chamalal ,Tsidatl',42.51855,46.05795,Andic
Chamalal ,Tsuydi,42.523340000000005,46.07182,Andic
Chamalal ,Tsumada,42.48187,46.05247,Andic
Chamalal ,Tsumada-Urukh,42.474208000000004,46.063466999999996,Andic
Dargwa амухский,Anklukh,41.91667,47.53333,Dargwa
Dargwa гапш.,Gapshima,42.2122,47.3261,Dargwa
Dargwa ицар.,Itsari,41.99733,47.5833,Dargwa
Dargwa кадар.,Kadar,42.6242,47.2903,Dargwa
Dargwa кадар.,Karamakhi,42.618786,47.256653,Dargwa
Dargwa кадар.,Kachkalyk,42.618520000000004,47.333909999999996,Dargwa
Dargwa кайт.,Adaga,42.00972,47.713570000000004,Dargwa
Dargwa кайт.,Bazhluk,42.040295,47.808314,Dargwa
Dargwa кайт.,Barshamay,42.11176,47.85143,Dargwa
Dargwa кайт.,Varsit,41.992062,47.82111,Dargwa
Dargwa кайт.,Gaziya,42.085935,47.817633,Dargwa
Dargwa кайт.,Gul'dy,42.07113,47.68936,Dargwa
Dargwa кайт.,Daknisa,42.087579999999996,47.727109999999996,Dargwa
Dargwa кайт.,Dzhavgat,42.0506,47.9375,Dargwa
Dargwa кайт.,Dzhibakhni,42.06051,47.90847,Dargwa
Dargwa кайт.,Dzhigiya,42.06139,47.795970000000004,Dargwa
Dargwa кайт.,Dzhinabi,42.070864,47.860318,Dargwa
Dargwa кайт.,Dzhirabachi,42.09091,47.73513,Dargwa
Dargwa кайт.,Duregi,42.03585,47.765409999999996,Dargwa
Dargwa кайт.,Karatsan,42.0886,47.8683,Dargwa
Dargwa кайт.,Kartalay,42.08709,47.858340000000005,Dargwa
Dargwa кайт.,Kirki,41.96917,47.81333,Dargwa
Dargwa кайт.,Kirtsik,42.001290000000004,47.84068,Dargwa
Dargwa кайт.,Kulegu,42.070029999999996,47.884009999999996,Dargwa
Dargwa кайт.,Kulidzha,42.054682,47.772754,Dargwa
Dargwa кайт.,Lischa,42.072834,47.740462,Dargwa
Dargwa кайт.,Mashaty,42.053979999999996,47.88286,Dargwa
Dargwa кайт.,Mizhigli,42.0697,47.799890000000005,Dargwa
Dargwa кайт.,Pilyaki,42.00537,47.85667,Dargwa
Dargwa кайт.,Ruka,42.047509999999996,47.923120000000004,Dargwa
Dargwa кайт.,Surgiya,42.077112,47.717301,Dargwa
Dargwa кайт.,Surkhavkent,41.983999,47.827576,Dargwa
Dargwa кайт.,Turaga,41.96152,47.80188,Dargwa
Dargwa кайт.,Khadagi,42.08067,47.897259999999996,Dargwa
Dargwa кайт.,Khungiya,42.09321,47.80518,Dargwa
Dargwa кайт.,Shilansha,41.97502,47.78696,Dargwa
Dargwa кайт.,Shilyagi,42.0486,47.7903,Dargwa
Dargwa кайт.,Shuragat,41.991859999999996,47.839940000000006,Dargwa
Dargwa кубач-ашт.,Ashty,41.961098,47.502559000000005,Dargwa
Dargwa кубач-ашт.,Kubachi,42.0856,47.6031,Dargwa
Dargwa кункинский,Kunki,41.95923,47.47173,Dargwa
Dargwa мегеб,Megeb,42.2528,47.0472,Dargwa
Dargwa муиринский,Buskri,42.173590000000004,47.66673,Dargwa
Dargwa муиринский,Vikri,42.20612,47.679702,Dargwa
Dargwa муиринский,Gunakari,42.17776,47.69262,Dargwa
Dargwa муиринский,Deybuk,42.20532,47.51996,Dargwa
Dargwa муиринский,Dzhurmachi,42.09049,47.69572,Dargwa
Dargwa муиринский,Dibgalik,42.120363,47.652521,Dargwa
Dargwa муиринский,Dibgashi,42.1617,47.6944,Dargwa
Dargwa муиринский,Zil'bachi,42.139973,47.717838,Dargwa
Dargwa муиринский,Zubanchi,42.13309,47.70417,Dargwa
Dargwa муиринский,Iragi,42.11889,47.75336,Dargwa
Dargwa муиринский,Iraki,42.16405,47.71739,Dargwa
Dargwa муиринский,Irichi,42.13548,47.791579999999996,Dargwa
Dargwa муиринский,Kalkni,42.17732,47.70499,Dargwa
Dargwa муиринский,Kischa,42.17677,47.58117,Dargwa
Dargwa муиринский,Kudagu,42.13322,47.730059999999995,Dargwa
Dargwa муиринский,Mallakent,42.174479999999996,47.796640000000004,Dargwa
Dargwa муиринский,Meusisha,42.20199,47.59731,Dargwa
Dargwa муиринский,Surkhachi,42.161429999999996,47.740829999999995,Dargwa
Dargwa муиринский,Trisanchi,42.118091,47.70559,Dargwa
Dargwa муиринский,Urkarakh,42.1606,47.6339,Dargwa
Dargwa муиринский,Kharbuk,42.158768,47.530832000000004,Dargwa
Dargwa муиринский,Tsizgari,42.21963,47.64768,Dargwa
Dargwa муиринский,Tsurai,42.23577,47.658190000000005,Dargwa
Dargwa муиринский,Chakhdikna,42.14116,47.76044,Dargwa
Dargwa муиринский,Chumli,42.20167,47.77306,Dargwa
Dargwa муиринский,Shulerchi,42.137440000000005,47.56335,Dargwa
Dargwa сев.,Adukmakhi,42.39928,47.401891,Dargwa
Dargwa сев.,Aymaumakhi,42.363756,47.575203,Dargwa
Dargwa сев.,Aynikabmakhi,42.26679,47.36264,Dargwa
Dargwa сев.,Aynurbimakhi,42.29623,47.58462,Dargwa
Dargwa сев.,Aysalakak,42.374896,47.474825,Dargwa
Dargwa сев.,Akusha,42.275664,47.340107,Dargwa
Dargwa сев.,Akusha,42.275664,47.340107,Dargwa
Dargwa сев.,Arachanamakhi,42.31923,47.58202,Dargwa
Dargwa сев.,Akhsakadamakhi,42.303416,47.381576,Dargwa
Dargwa сев.,Ayalakab,42.4231,47.4625,Dargwa
Dargwa сев.,Ayalizimakhi,42.37684,47.607459999999996,Dargwa
Dargwa сев.,Ayamakhi,42.40528,47.5725,Dargwa
Dargwa сев.,Baltamakhi,42.298429999999996,47.728770000000004,Dargwa
Dargwa сев.,Bakhmakhi,42.30638,47.592690000000005,Dargwa
Dargwa сев.,Buanzimakhi,42.42062,47.449659999999994,Dargwa
Dargwa сев.,Burgimakmakhi,42.2897,47.3769,Dargwa
Dargwa сев.,Burgimakhi,42.27489,47.28652,Dargwa
Dargwa сев.,Burdeki,42.3047,47.6703,Dargwa
Dargwa сев.,Burkhimakhi,42.3065,47.58607,Dargwa
Dargwa сев.,Verkhnie Mulebki,42.31043,47.51924,Dargwa
Dargwa сев.,Ganderamakhi,42.261093,47.333465000000004,Dargwa
Dargwa сев.,Gubden,42.5658,47.5658,Dargwa
Dargwa сев.,Gumramakhi,42.25101,47.35105,Dargwa
Dargwa сев.,Gurbuki,42.611506,47.591941999999996,Dargwa
Dargwa сев.,Damkulakada,42.430252,47.467675,Dargwa
Dargwa сев.,Dzhangamakhi,42.44335,47.38111,Dargwa
Dargwa сев.,Ditunshimakhi,42.381665000000005,47.289691999999995,Dargwa
Dargwa сев.,Dubrimakhi,42.274418,47.285133,Dargwa
Dargwa сев.,Zhamsory,42.382089,47.462508,Dargwa
Dargwa сев.,Inzimakhi,42.27238,47.35613,Dargwa
Dargwa сев.,Kavkamakhi,42.322184,47.30588,Dargwa
Dargwa сев.,Kadirkent,42.49661,47.60836,Dargwa
Dargwa сев.,Kakamakhi,42.395070000000004,47.30644,Dargwa
Dargwa сев.,Kakmakhi,42.29169,47.38541,Dargwa
Dargwa сев.,Kamkadamakhi,42.255826,47.308527000000005,Dargwa
Dargwa сев.,Kanasiragi,42.252582000000004,47.649095,Dargwa
Dargwa сев.,Kardamakhi,42.378609999999995,47.466390000000004,Dargwa
Dargwa сев.,Karlabko,42.3542,47.3967,Dargwa
Dargwa сев.,Kertukmakhi,42.28799,47.34305,Dargwa
Dargwa сев.,Kichi-Gamri,42.3125,47.7106,Dargwa
Dargwa сев.,Kurimakhi,42.304306,47.304694,Dargwa
Dargwa сев.,Levashi,42.4325,47.3258,Dargwa
Dargwa сев.,Mamaaul,42.31709,47.75237,Dargwa
Dargwa сев.,Mekegi,42.3978,47.4625,Dargwa
Dargwa сев.,Miglakasimakhi,42.33599,47.561209999999996,Dargwa
Dargwa сев.,Mugi,42.2989,47.4225,Dargwa
Dargwa сев.,Mugri,42.26767,47.62872,Dargwa
Dargwa сев.,Murguk,42.2669,47.6947,Dargwa
Dargwa сев.,Myurego,42.4042,47.6894,Dargwa
Dargwa сев.,Naskent,42.38093,47.336240000000004,Dargwa
Dargwa сев.,Nizhnie Labkomakhi,42.350840000000005,47.41873,Dargwa
Dargwa сев.,Nizhnie Makhargimakhi,42.33047,47.637879999999996,Dargwa
Dargwa сев.,Nizhnie Mulebki,42.3281,47.5689,Dargwa
Dargwa сев.,Purrimakhi,42.426446,47.465672999999995,Dargwa
Dargwa сев.,Semgamakhi,42.28438,47.35484,Dargwa
Dargwa сев.,Sergokala,42.4494,47.6633,Dargwa
Dargwa сев.,Tagirkent,42.3827,47.333259999999996,Dargwa
Dargwa сев.,Tarlankak,42.385886,47.475817,Dargwa
Dargwa сев.,Uznimakhi,42.30003,47.3858,Dargwa
Dargwa сев.,Ulluaya,42.3747,47.3756,Dargwa
Dargwa сев.,Urakhi,42.3347,47.5953,Dargwa
Dargwa сев.,Urgubamakhi,42.28968,47.31783,Dargwa
Dargwa сев.,Urkhuchimakhi,42.310271,47.260222,Dargwa
Dargwa сев.,Khabkaymakhi,42.357820000000004,47.59091,Dargwa
Dargwa сев.,Khantskarkamakhi,42.330333,47.550694,Dargwa
Dargwa сев.,Khasakent,42.37754,47.34265,Dargwa
Dargwa сев.,Tserkhimakhi,42.276694,47.336755,Dargwa
Dargwa сев.,Tsundimakhi,42.25164,47.31668,Dargwa
Dargwa сев.,Tsunimakhi,42.29835,47.26194,Dargwa
Dargwa сев.,Tsurmakhi,42.31845,47.57516,Dargwa
Dargwa сев.,Chabazimakhi,42.360296999999996,47.570316,Dargwa
Dargwa сев.,Chankalamakhi,42.277879999999996,47.365804,Dargwa
Dargwa сев.,Chakhimakhi,42.41564,47.56038,Dargwa
Dargwa сев.,Chinimakhi,42.27565,47.37455,Dargwa
Dargwa сев.,Shinkalabukhna,42.386144,47.471707,Dargwa
Dargwa сев.,Shinkbalakada,42.261375,47.300242,Dargwa
Dargwa сев.,Shukty,42.22488,47.303490000000004,Dargwa
Dargwa сев.,Shumkhrimakhi,42.291042,47.268562,Dargwa
Dargwa сев.,Ebdalaya,42.3683,47.3433,Dargwa
Dargwa сев.,Elakatmakhi,42.454026,47.398334000000006,Dargwa
Dargwa сирхинско-тантынский,Arassamakhi,42.0579,47.401109999999996,Dargwa
Dargwa сирхинско-тантынский,Ayatsimakhi,42.00618,47.46117,Dargwa
Dargwa сирхинско-тантынский,Ayatsuri,42.07354,47.451209999999996,Dargwa
Dargwa сирхинско-тантынский,Bakni,42.11618,47.53095,Dargwa
Dargwa сирхинско-тантынский,Bikalamakhi,42.04647,47.36054,Dargwa
Dargwa сирхинско-тантынский,Bukkamakhi,42.03148,47.41884,Dargwa
Dargwa сирхинско-тантынский,Butulta,42.074259999999995,47.44048,Dargwa
Dargwa сирхинско-тантынский,Verkhniy Karshli,42.05018,47.34231,Dargwa
Dargwa сирхинско-тантынский,Verkhnie Chiamakhi,42.029959999999996,47.38803,Dargwa
Dargwa сирхинско-тантынский,Giyagaramakhi,42.08381,47.378409999999995,Dargwa
Dargwa сирхинско-тантынский,Guzbaya,42.04744,47.51385,Dargwa
Dargwa сирхинско-тантынский,Guladty,42.11523,47.45074,Dargwa
Dargwa сирхинско-тантынский,Gulebki,42.11181,47.396879999999996,Dargwa
Dargwa сирхинско-тантынский,Gunnamakhi,42.047290000000004,47.37328,Dargwa
Dargwa сирхинско-тантынский,Dzilebki,42.049890000000005,47.55693,Dargwa
Dargwa сирхинско-тантынский,Duakar,42.064159000000004,47.460081,Dargwa
Dargwa сирхинско-тантынский,Kaddamakhi,42.045284,47.356444,Dargwa
Dargwa сирхинско-тантынский,Karashimakhi,42.027809999999995,47.3975,Dargwa
Dargwa сирхинско-тантынский,Karayamakhi,42.07822,47.34643,Dargwa
Dargwa сирхинско-тантынский,Karbuchimakhi,42.007461,47.429947999999996,Dargwa
Dargwa сирхинско-тантынский,Karkatsi,42.083890000000004,47.46694,Dargwa
Dargwa сирхинско-тантынский,Kassagumakhi,42.044940999999994,47.371867,Dargwa
Dargwa сирхинско-тантынский,Kishamakhi,42.051,47.44197,Dargwa
Dargwa сирхинско-тантынский,Kishamakhi,42.051,47.44197,Dargwa
Dargwa сирхинско-тантынский,Kubrimakhi,42.073018,47.372684,Dargwa
Dargwa сирхинско-тантынский,Kuliyamakhi,42.07717,47.33501,Dargwa
Dargwa сирхинско-тантынский,Mirzita,42.1309,47.47663,Dargwa
Dargwa сирхинско-тантынский,Murlatinamakhi,42.084509999999995,47.35718,Dargwa
Dargwa сирхинско-тантынский,Nakhki,42.07562,47.39905,Dargwa
Dargwa сирхинско-тантынский,Natsi,42.075334999999995,47.38728,Dargwa
Dargwa сирхинско-тантынский,Nizhniy Karshli,42.049911,47.343884,Dargwa
Dargwa сирхинско-тантынский,Nikabarkmakhi,42.01667,47.41667,Dargwa
Dargwa сирхинско-тантынский,Sumiya,42.043440000000004,47.45616,Dargwa
Dargwa сирхинско-тантынский,Sur-Surbachi,42.02667,47.49157,Dargwa
Dargwa сирхинско-тантынский,Sutbuk,42.1036,47.5403,Dargwa
Dargwa сирхинско-тантынский,Tanty,42.1642,47.3167,Dargwa
Dargwa сирхинско-тантынский,Tuzlamakhi,42.07877,47.368359999999996,Dargwa
Dargwa сирхинско-тантынский,Turakarimakhi,42.1,47.46667,Dargwa
Dargwa сирхинско-тантынский,Uzralmakhi,42.05782,47.449870000000004,Dargwa
Dargwa сирхинско-тантынский,Uragi,42.069140000000004,47.569377,Dargwa
Dargwa сирхинско-тантынский,Urari,42.0997,47.4569,Dargwa
Dargwa сирхинско-тантынский,Urgani,42.136379999999996,47.36146,Dargwa
Dargwa сирхинско-тантынский,Urzhagimakhi,42.06149,47.37056,Dargwa
Dargwa сирхинско-тантынский,Urkhnischa,42.08278,47.50306,Dargwa
Dargwa сирхинско-тантынский,Urkhulakar,42.04352,47.40002,Dargwa
Dargwa сирхинско-тантынский,Utsulimakhi,42.064935,47.42661,Dargwa
Dargwa сирхинско-тантынский,Khulabarkmakhi,42.05455,47.456759999999996,Dargwa
Dargwa сирхинско-тантынский,Khurshni,42.14036,47.48966,Dargwa
Dargwa сирхинско-тантынский,Tsugni,42.107276,47.400902,Dargwa
Dargwa усиша-бутринский,Butri,42.074259999999995,47.44048,Dargwa
Dargwa усиша-бутринский,Geba,42.215270000000004,47.39266,Dargwa
Dargwa усиша-бутринский,Ginta,42.2042,47.4186,Dargwa
Dargwa усиша-бутринский,Zil'mukmakhi,42.28483,47.3958,Dargwa
Dargwa усиша-бутринский,Usisha,42.2511,47.3928,Dargwa
Dargwa худуцский,Khuduts,41.96638,47.51297,Dargwa
Dargwa цуд.,Aynikab,42.369307,47.216093,Dargwa
Dargwa цуд.,Alikhanmakhi,42.33194,47.266020000000005,Dargwa
Dargwa цуд.,Allate,42.369057,47.184036,Dargwa
Dargwa цуд.,Amalte,42.42457,47.11047,Dargwa
Dargwa цуд.,Ameterkmakhi,42.33081,47.213539000000004,Dargwa
Dargwa цуд.,Burtanimakhi,42.37097,47.149879999999996,Dargwa
Dargwa цуд.,Verkhnie Kamkamakhi,42.32265,47.23945,Dargwa
Dargwa цуд.,Verkhnie Ubekimakhi,42.36823,47.242979999999996,Dargwa
Dargwa цуд.,Guladtymakhi,42.34823,47.23927,Dargwa
Dargwa цуд.,Gurgumakhi,42.36056,47.19222,Dargwa
Dargwa цуд.,Dingo,42.35347,47.18138,Dargwa
Dargwa цуд.,Inkuchimakhi,42.35029,47.17345,Dargwa
Dargwa цуд.,Irgali,42.41281,47.13538,Dargwa
Dargwa цуд.,Karekadani,42.35747,47.13098,Dargwa
Dargwa цуд.,Karekadani,42.35747,47.13098,Dargwa
Dargwa цуд.,Kulibukhna,42.315839000000004,47.18495,Dargwa
Dargwa цуд.,Kumamakhi,42.35849,47.19214,Dargwa
Dargwa цуд.,Kundurkhe,42.41424,47.11507,Dargwa
Dargwa цуд.,Kuppa,42.4239,47.1231,Dargwa
Dargwa цуд.,Kurkabi,42.34194,47.200559999999996,Dargwa
Dargwa цуд.,Musul'temakhi,42.362154,47.188584000000006,Dargwa
Dargwa цуд.,Nizhnie Arshi,42.389598,47.141386,Dargwa
Dargwa цуд.,Nizhnie Ubekimakhi,42.392787,47.20548,Dargwa
Dargwa цуд.,Tarlimakhi,42.35587,47.17157,Dargwa
Dargwa цуд.,Tebekmakhi,42.3431,47.2072,Dargwa
Dargwa цуд.,Khadzhalmakhi,42.4186,47.1817,Dargwa
Dargwa цуд.,Khadzhalte,42.33374,47.15589,Dargwa
Dargwa цуд.,Tsudakhar,42.3425,47.1606,Dargwa
Dargwa цуд.,Tsukhta,42.34352,47.32396,Dargwa
Dargwa чирагский,Chirag,41.8381,47.4303,Dargwa
Godoberi ,Godoberi,42.6258,46.1189,Andic
Godoberi ,Zibirkhali,42.66833,46.071940000000005,Andic
Hinuq ,Genukh,42.1764,45.98646,Tsezic
Hunzib ,Nakhada,42.144059999999996,46.19143,Tsezic
Karata ,Nizhnee Inkhelo,42.645134000000006,46.259367,Andic
Karata карат.,Anchik (Anchikh),42.608098,46.271716999999995,Andic
Karata карат.,Archo,42.597691,46.305756,Andic
Karata карат.,Verkhnee Inkhelo,42.62035,46.329732,Andic
Karata карат.,Karata,42.5942,46.3419,Andic
Karata карат.,Mashtada,42.613620000000004,46.314659000000006,Andic
Karata карат.,Ratsitl',42.637879999999996,46.33455,Andic
Karata карат.,Rachabulda,42.617256,46.300014000000004,Andic
Karata тукит,Tukita,42.57056,46.37278,Andic
Kumyk ,Agachaul,42.92306,47.460640000000005,Turkic
Kumyk ,Agachkala,42.76698,47.075990000000004,Turkic
Kumyk ,Adanak,42.7522,47.4586,Turkic
Kumyk ,Bashlykent,42.2597,47.8439,Turkic
Kumyk ,Buglen,42.7553,47.1989,Turkic
Kumyk ,Verkhnee Kazanische,42.7306,47.1381,Turkic
Kumyk ,Verkhnie Ishkarty,42.849070000000005,46.95309,Turkic
Kumyk ,Gasha,42.33592,47.83067,Turkic
Kumyk ,Gelli,42.7267,47.4014,Turkic
Kumyk ,Dakhadaevka,43.1069,47.440290000000005,Turkic
Kumyk ,Dzhavankent,42.26265,47.80983,Turkic
Kumyk ,Dorgeli,42.66556,47.29667,Turkic
Kumyk ,Kaka-Shura,42.65194,47.38278,Turkic
Kumyk ,Kapkaykent,42.248157,47.798984000000004,Turkic
Kumyk ,Karabudakhkent,42.7067,47.5603,Turkic
Kumyk ,Kafyr-Kumukh,42.837540000000004,47.15412,Turkic
Kumyk ,Kayakent,42.3847,47.9044,Turkic
Kumyk ,Manaskent,42.7367,47.6958,Turkic
Kumyk ,Nizhnee Kazanische,42.7644,47.1611,Turkic
Kumyk ,Nizhniy Dzhengutay,42.7014,47.2417,Turkic
Kumyk ,Nizhnie Ishkarty,42.84698,46.971470000000004,Turkic
Kumyk ,Paraul,42.7394,47.3592,Turkic
Kumyk ,Takalay,42.896770000000004,47.1644,Turkic
Kumyk ,Tarki,42.94423,47.49527,Turkic
Kumyk ,Tumeller,42.1846,47.84238,Turkic
Kumyk ,Ullubiyaul,42.59689,47.71825,Turkic
Kumyk ,Usemikent,42.3836,47.8681,Turkic
Kumyk ,Utamysh,42.4047,47.7492,Turkic
Kumyk ,Khalimbekaul,42.8447,47.1406,Turkic
Kumyk ,Shamkhal-Yangi-Yurt,43.29968,47.23072,Turkic
Kumyk ,Ekibulak,43.041959999999996,47.07152,Turkic
Kumyk ,Erpeli,42.806119,46.973557,Turkic
Kumyk ,Yangikent,42.2042,47.8292,Turkic
Lak ,Arakul,41.77377,47.212379999999996,Lak
Lak ,Bagikla,42.25308,47.13393,Lak
Lak ,Balkhar,42.2797,47.2314,Lak
Lak ,Burshi,42.03161,47.06349,Lak
Lak ,Vachi,42.0722,47.2136,Lak
Lak ,Verkhniy Katrukh,41.7468,47.22355,Lak
Lak ,Viraty,42.15675,47.20107,Lak
Lak ,Guymi,42.230357,47.195890000000006,Lak
Lak ,Inisha,42.15031,47.20492,Lak
Lak ,Kamakhal,42.227415,46.999859,Lak
Lak ,Kamasha,42.22886,47.141529999999996,Lak
Lak ,Kani,42.13937,47.18846,Lak
Lak ,Kara,42.287240000000004,47.17093,Lak
Lak ,Karasha,42.2221,47.1772,Lak
Lak ,Kaya,42.0765,47.20219,Lak
Lak ,Kuba,42.3247,47.1181,Lak
Lak ,Kubra,42.14373,47.08175,Lak
Lak ,Kukni,42.128190000000004,47.159729999999996,Lak
Lak ,Kuli,42.0227595,47.2387802,Lak
Lak ,Kuli,42.0227595,47.2387802,Lak
Lak ,Kulushats,42.1283,47.0983,Lak
Lak ,Kuma,42.27304,47.13762,Lak
Lak ,Kumukh,42.1706,47.1175,Lak
Lak ,Kundakh,42.10013,47.09148,Lak
Lak ,Kundy,42.2689,47.1647,Lak
Lak ,Kurkli,42.2828,47.1283,Lak
Lak ,Kurla,42.19768,47.18731,Lak
Lak ,Lakhir,42.17688,47.178020000000004,Lak
Lak ,Mukar,42.20687,47.02212,Lak
Lak ,Palisma,42.22845,47.0162,Lak
Lak ,Sukiyakh,42.12168,47.23611,Lak
Lak ,Sumbatl',42.046820000000004,47.219190000000005,Lak
Lak ,Tulizma,42.115654,47.119069,Lak
Lak ,Turtsi,42.184090000000005,47.16817,Lak
Lak ,Ubra,42.179776000000004,47.102963,Lak
Lak ,Ulluchara,42.20267,47.27463,Lak
Lak ,Unchukatl',42.2208,47.1525,Lak
Lak ,Uri,42.2056,47.0164,Lak
Lak ,Khoymi,42.09367,47.208220000000004,Lak
Lak ,Khoykhi,42.121790000000004,47.18526,Lak
Lak ,Khosrekh,41.9939,47.2706,Lak
Lak ,Khulisma,42.09299,47.05741,Lak
Lak ,Khuna,42.179790999999994,47.160847,Lak
Lak ,Khuri,42.170115,47.12522,Lak
Lak ,Khurukra,42.15663,47.13422,Lak
Lak ,Khurkhi,42.10627,47.12617,Lak
Lak ,Tsovkra 1-ya,42.05917,47.270559999999996,Lak
Lak ,Tsovkra Vtoraya,42.03978,47.1526,Lak
Lak ,Tsulikana,42.258340000000004,47.25676,Lak
Lak ,Tsushar,42.0774,47.14038,Lak
Lak ,Tsyysha,42.104420000000005,47.22358,Lak
Lak ,Chitur,42.139540000000004,47.10151,Lak
Lak ,Chukna,42.301109999999994,47.120090000000005,Lak
Lak ,Churtakh,42.11257,47.086870000000005,Lak
Lak ,Shadni,42.192172,47.648927,Lak
Lak ,Shalib,42.090070000000004,46.91826,Lak
Lak ,Shara,42.115737,47.135907,Lak
Lak ,Shakhuva,42.25077,47.1617,Lak
Lak ,Shovkra,42.14008,47.12741,Lak
Lak ,Shuni,42.194140000000004,47.172290000000004,Lak
Lezgian ,Azadogly,41.83019,48.448479999999996,Lezgic
Lezgian ,Alkadar,41.7163,48.08667,Lezgic
Lezgian ,Asakent,41.75759,48.00748,Lezgic
Lezgian ,Asalikent,41.6298,48.167770000000004,Lezgic
Lezgian ,Akhnig,41.5232,47.99481,Lezgic
Lezgian ,Akhty,41.45904,47.746695,Lezgic
Lezgian ,Ashaga-Arkhit,41.734607000000004,47.97302,Lezgic
Lezgian ,Ashaga-Stal,41.69724,48.19462,Lezgic
Lezgian ,Ashaga-Tsinit,41.723240000000004,48.00882,Lezgic
Lezgian ,Ashagakartas,41.63177,48.1193,Lezgic
Lezgian ,Ashaga-Stal-Kazmalyar,41.681705,48.218336,Lezgic
Lezgian ,Ashakent,41.59479,47.872409999999995,Lezgic
Lezgian ,Ashar,41.615664,47.663416999999995,Lezgic
Lezgian ,Bakhtsug,41.50975,47.95065,Lezgic
Lezgian ,Belidzhi,41.870833000000005,48.388611,Lezgic
Lezgian ,Bil'bil'-Kazmalyar,41.82188,48.5448,Lezgic
Lezgian ,But-Kazmalyar,41.705273999999996,48.396665000000006,Lezgic
Lezgian ,Butkent,41.60008,48.17998,Lezgic
Lezgian ,Garakh,41.48148,48.046079999999996,Lezgic
Lezgian ,Gdym,41.308840000000004,47.4668,Lezgic
Lezgian ,Gdynk,41.457263,47.657293,Lezgic
Lezgian ,Gil'yar,41.559978,48.256089,Lezgic
Lezgian ,Darkush-Kazmalyar,41.80608,48.38985,Lezgic
Lezgian ,Dzhaba,41.424175,47.775397,Lezgic
Lezgian ,Dzhepel',41.54977,48.21947,Lezgic
Lezgian ,Zaza,41.77734,48.046279999999996,Lezgic
Lezgian ,Zukhrabkent,41.56687,48.1529,Lezgic
Lezgian ,Igrakh,41.5525,47.52831,Lezgic
Lezgian ,Ikra,41.5633,48.0094,Lezgic
Lezgian ,Ispik,41.61489,48.191179999999996,Lezgic
Lezgian ,Iche,41.58146,47.509933000000004,Lezgic
Lezgian ,Ichin,41.682629999999996,47.991890000000005,Lezgic
Lezgian ,Kabir,41.5592,48.0444,Lezgic
Lezgian ,Kabir-Kazmalyar,41.7498,48.488479999999996,Lezgic
Lezgian ,Kaka,41.478513,47.636857,Lezgic
Lezgian ,Kaladzhukh,41.366176,47.908075,Lezgic
Lezgian ,Kaluk,41.47193,47.65696,Lezgic
Lezgian ,Kartas-Kazmalyar,41.817170000000004,48.39484,Lezgic
Lezgian ,Kartas-Kazmalyar,41.817170000000004,48.39484,Lezgic
Lezgian ,Karchag,41.77369,48.15948,Lezgic
Lezgian ,Kasumkent,41.6789,48.1394,Lezgic
Lezgian ,Kakhtsug,41.59957,48.06005,Lezgic
Lezgian ,Kachalkent,41.66885,48.04288,Lezgic
Lezgian ,Kiler,41.37989,47.901990000000005,Lezgic
Lezgian ,Kirka,41.5369,48.1894,Lezgic
Lezgian ,Kontsil',41.751813,48.018508000000004,Lezgic
Lezgian ,Kochkhyur (Kuchkhyur),41.5225,47.86562,Lezgic
Lezgian ,Kug,41.7711,47.9647,Lezgic
Lezgian ,Kuysun,41.573029999999996,48.28712,Lezgic
Lezgian ,Kukvaz,41.60103,47.70543,Lezgic
Lezgian ,Kurakh,41.5842,47.7842,Lezgic
Lezgian ,Kurkent,41.7133,48.1094,Lezgic
Lezgian ,Kurukal,41.43333,47.6875,Lezgic
Lezgian ,Kurush,41.28083,47.83,Lezgic
Lezgian ,Kutul,41.545759999999994,47.9666,Lezgic
Lezgian ,Kchun-Kazmalyar,41.762609999999995,48.48966,Lezgic
Lezgian ,Lakun,41.52402,47.53252,Lezgic
Lezgian ,Lutkun,41.4844,47.6861,Lezgic
Lezgian ,Magaramkent,41.6186,48.3514,Lezgic
Lezgian ,Midzhakh,41.395434,47.6411,Lezgic
Lezgian ,Miskindzha,41.4242,47.8428,Lezgic
Lezgian ,Mollakent,41.9233,48.3864,Lezgic
Lezgian ,Mugergan,41.519797,48.175977,Lezgic
Lezgian ,Novaya Maka,41.772025,48.359721,Lezgic
Lezgian ,Nyutyug,41.75392,48.11773,Lezgic
Lezgian ,Orta-Stal,41.70335,48.17075,Lezgic
Lezgian ,Oruzhba,41.775686,48.432854,Lezgic
Lezgian ,Piperkent,41.59186,48.147259999999996,Lezgic
Lezgian ,Ptikent,41.58452,48.109590000000004,Lezgic
Lezgian ,Rugun,41.595917,47.995977,Lezgic
Lezgian ,Saidkent,41.70213,48.11319,Lezgic
Lezgian ,Saytarkent,41.58508,48.12701,Lezgic
Lezgian ,Samur,41.829176000000004,48.487012,Lezgic
Lezgian ,Sarag,41.60273,48.0164,Lezgic
Lezgian ,Sardarkent,41.7255,48.0622,Lezgic
Lezgian ,Smugul,41.381678,47.633713,Lezgic
Lezgian ,Tagirkent-Kazmalyar,41.814927000000004,48.511106,Lezgic
Lezgian ,Tatarkhankent,41.58361,48.09608,Lezgic
Lezgian ,Tekipirkent,41.342009999999995,47.88615,Lezgic
Lezgian ,Trkal,41.716681,47.970481,Lezgic
Lezgian ,Ullugatag,41.6031,48.1256,Lezgic
Lezgian ,Usukhchay,41.424735999999996,47.922987,Lezgic
Lezgian ,Ukhul,41.35303,47.740809999999996,Lezgic
Lezgian ,Filya,41.71803,48.46103,Lezgic
Lezgian ,Khlyut,41.496274,47.533823999999996,Lezgic
Lezgian ,Khodzha-Kazmalyar,41.72534,48.438,Lezgic
Lezgian ,Khorel',41.53763,48.200109999999995,Lezgic
Lezgian ,Khpedzh,41.62212,47.72586,Lezgic
Lezgian ,Khryug,41.4892,47.6044,Lezgic
Lezgian ,Khtun,41.58408,48.1739,Lezgic
Lezgian ,Khtun-Kazmalyar,41.81114,48.518840000000004,Lezgic
Lezgian ,Khyurekhyur,41.5591,47.7417,Lezgic
Lezgian ,Tslak,41.712720000000004,47.93997,Lezgic
Lezgian ,Tsmur,41.6842,48.0567,Lezgic
Lezgian ,Tsnal,41.69641,47.99767,Lezgic
Lezgian ,Chakhchakh-Kazmalyar,41.78651,48.50046,Lezgic
Lezgian ,Chilikar,41.74196,48.065,Lezgic
Lezgian ,Shimikhyur,41.6539,47.6994,Lezgic
Lezgian ,Shikhikent,41.604121,48.165102000000005,Lezgic
Lezgian ,Shtul,41.554702,47.919292999999996,Lezgic
Lezgian ,Ekendil',41.755179999999996,48.13179,Lezgic
Lezgian ,Yukhari-Arkhit,41.7405,47.95878,Lezgic
Lezgian ,Yukhari-Zakhit,41.697790000000005,47.9426,Lezgic
Lezgian ,Yukhari-Stal,41.70734,48.1548,Lezgic
Lezgian ,Yukhari-Kartas,41.62364,48.10125,Lezgic
Lezgian ,Yalak,41.532245,47.605391,Lezgic
Lezgian ,Yarukvalar,41.79842,48.41318,Lezgic
North Azerbaijani ,Bil'gadi,42.085809999999995,48.13462,Turkic
North Azerbaijani ,Velikent,42.1875,48.0647,Turkic
North Azerbaijani ,Darvag,42.022285,48.065912,Turkic
North Azerbaijani ,Delichoban,42.19877,48.09467,Turkic
North Azerbaijani ,Dzhalgan,42.02454,48.262240000000006,Turkic
North Azerbaijani ,Dzhemikent,42.23575,48.041140000000006,Turkic
North Azerbaijani ,Zid'yan,42.050776,48.142558,Turkic
North Azerbaijani ,Zid'yan-Kazmalyar,42.079570000000004,48.15655,Turkic
North Azerbaijani ,Kala,42.1464,48.1634,Turkic
North Azerbaijani ,Maraga,41.9633,48.1208,Turkic
North Azerbaijani ,Mitagi,42.01736,48.19083,Turkic
North Azerbaijani ,Mitagi-Kazmalyar,42.035494,48.204803999999996,Turkic
North Azerbaijani ,Mitagi-Kazmalyar,42.035494,48.204803999999996,Turkic
North Azerbaijani ,Mugarty,41.9947,48.1614,Turkic
North Azerbaijani ,Nizhniy Katrukh,41.742979,47.203482,Turkic
North Azerbaijani ,Padar,42.19939,48.051790000000004,Turkic
North Azerbaijani ,Rukel',41.9881,48.2253,Turkic
North Azerbaijani ,Sabnova,42.063171999999994,48.254419,Turkic
North Azerbaijani ,Salik,42.17335,48.08635,Turkic
North Azerbaijani ,Tatlyar,42.2003,48.0269,Turkic
North Azerbaijani ,Tsanak,41.94266,48.04137,Turkic
Rutul ,Ikhrek,41.693931,47.210004999999995,Lezgic
Rutul ,Kina,41.6166,47.2647,Lezgic
Rutul ,Kiche,41.531459999999996,47.48171,Lezgic
Rutul ,Kufa,41.564115,47.376937,Lezgic
Rutul ,Luchek,41.60988,47.307307,Lezgic
Rutul ,Myukhrek,41.667696,47.280013000000004,Lezgic
Rutul ,Rutul,41.5342,47.4269,Lezgic
Rutul ,Khnov,41.378607,47.443605,Lezgic
Rutul ,Shinaz,41.618658,47.375665999999995,Lezgic
Tabasaran ,Akka,41.92686,47.9297,Lezgic
Tabasaran ,Arak,41.96112,47.98984,Lezgic
Tabasaran ,Arkit,41.947308,48.014025,Lezgic
Tabasaran ,Archug,41.7843,47.86009,Lezgic
Tabasaran ,Atrik,41.88042,47.78046,Lezgic
Tabasaran ,Afna,41.902075,47.861413,Lezgic
Tabasaran ,Ashaga-Yarak,41.822988,47.952033,Lezgic
Tabasaran ,Burgankent,41.899390000000004,48.06439,Lezgic
Tabasaran ,Bukhnag,41.910587,47.872994,Lezgic
Tabasaran ,Vechrik,41.9171,47.96184,Lezgic
Tabasaran ,Garig,41.8766,47.88498,Lezgic
Tabasaran ,Gasikh,41.92398,47.8847,Lezgic
Tabasaran ,Gisik,41.94475,47.91451,Lezgic
Tabasaran ,Gisik,41.94475,47.91451,Lezgic
Tabasaran ,Gisik,41.94475,47.91451,Lezgic
Tabasaran ,Gisik,41.94475,47.91451,Lezgic
Tabasaran ,Guvlig,41.918240000000004,47.852129999999995,Lezgic
Tabasaran ,Gumi,41.894319,47.868303999999995,Lezgic
Tabasaran ,Gurik,41.962788,47.919474,Lezgic
Tabasaran ,Gyukhryag,41.854054999999995,48.172785,Lezgic
Tabasaran ,Dagni,41.931594,47.911846000000004,Lezgic
Tabasaran ,Dzhugdil',41.919222,47.979531,Lezgic
Tabasaran ,Dzhuli,41.8822,47.85399,Lezgic
Tabasaran ,Dzhul'dzhag,41.95485,47.88933,Lezgic
Tabasaran ,Dzhul'dzhinif,41.957235,47.912939,Lezgic
Tabasaran ,Dyubek,42.0208,47.969528000000004,Lezgic
Tabasaran ,Zil'dik,41.81292,47.98958,Lezgic
Tabasaran ,Kondik,41.8028,47.8733,Lezgic
Tabasaran ,Kuvag,41.926587,47.90245,Lezgic
Tabasaran ,Kuvig,41.88482,47.886538,Lezgic
Tabasaran ,Kuzhnik,41.955490000000005,47.822309999999995,Lezgic
Tabasaran ,Kulig,41.874076,47.865347,Lezgic
Tabasaran ,Kulif,41.95955,47.88391,Lezgic
Tabasaran ,Kurkak,41.910959999999996,47.971699,Lezgic
Tabasaran ,Kushtil',41.8289,47.8894,Lezgic
Tabasaran ,Kyurek,41.95258,47.85934,Lezgic
Tabasaran ,Kyuryag,41.907094,47.853636,Lezgic
Tabasaran ,Laka,41.75705,47.88114,Lezgic
Tabasaran ,Lidzhe,41.97245,47.98057,Lezgic
Tabasaran ,Lyakhe,41.952293,47.914701,Lezgic
Tabasaran ,Lyakhlya,41.88087,47.87761,Lezgic
Tabasaran ,Mezhgyul',41.8061,48.0075,Lezgic
Tabasaran ,Nichras,41.843579999999996,48.01174,Lezgic
Tabasaran ,Pilig,41.97418,47.8687,Lezgic
Tabasaran ,Rugudzh,41.976755,47.89161,Lezgic
Tabasaran ,Rushul',41.9567,48.01232,Lezgic
Tabasaran ,Sertil',41.925309999999996,47.86522,Lezgic
Tabasaran ,Sika,41.891729999999995,47.97821,Lezgic
Tabasaran ,Sikukh,41.90457,47.84596,Lezgic
Tabasaran ,Tatil',41.99269,47.98826,Lezgic
Tabasaran ,Tinit,41.9131,48.0592,Lezgic
Tabasaran ,Turag,41.8586,47.9744,Lezgic
Tabasaran ,Turuf,41.90569,48.006879999999995,Lezgic
Tabasaran ,Uluz,41.957209999999996,47.837140000000005,Lezgic
Tabasaran ,Urga,41.869933,47.85522,Lezgic
Tabasaran ,Urzig,41.94811,47.849920000000004,Lezgic
Tabasaran ,Ushnyug,41.926390000000005,48.00306,Lezgic
Tabasaran ,Firgil',41.92507,48.02587,Lezgic
Tabasaran ,Furdag,41.863479999999996,47.86215,Lezgic
Tabasaran ,Khalag,41.90551,47.88935,Lezgic
Tabasaran ,Khanag,41.97444,47.90333,Lezgic
Tabasaran ,Khanak,41.91373,47.86645,Lezgic
Tabasaran ,Khapil',41.98722,47.977309999999996,Lezgic
Tabasaran ,Kharag,41.945423,47.825106,Lezgic
Tabasaran ,Kharkhni,41.939561,47.880088,Lezgic
Tabasaran ,Khiv,41.7533,47.9286,Lezgic
Tabasaran ,Khoredzh,41.749140000000004,47.8667,Lezgic
Tabasaran ,Khurik,41.98583,47.89861,Lezgic
Tabasaran ,Khursatil',41.862503000000004,47.793991,Lezgic
Tabasaran ,Khustil',42.00335,47.93489,Lezgic
Tabasaran ,Khuchni,41.947717,47.945961,Lezgic
Tabasaran ,Khyuryak,41.88238,48.07289,Lezgic
Tabasaran ,Tsantil',41.95508,47.86271,Lezgic
Tabasaran ,Tsuduk,41.78225,47.89671,Lezgic
Tabasaran ,Tsurtil',41.918365,47.932001,Lezgic
Tabasaran ,Tsukhdyg,41.94056,47.981390000000005,Lezgic
Tabasaran ,Chuvek,41.807699,47.901711,Lezgic
Tabasaran ,Chulat,41.880921,48.154399,Lezgic
Tabasaran ,Churdaf,41.95272,47.8636,Lezgic
Tabasaran ,Shile,41.94774,47.829390000000004,Lezgic
Tabasaran ,Yurgulig,41.962775,47.896658,Lezgic
Tabasaran ,Yukhari-Yarak,41.837140000000005,47.94825,Lezgic
Tabasaran ,Yagdyg,41.980115000000005,47.970578,Lezgic
Tabasaran ,Yargil',41.790040000000005,47.95429,Lezgic
Tindi ,Aknada,42.4024828,46.1693204,Andic
Tindi ,Angida,42.432790000000004,46.1924,Andic
Tindi ,Asha,42.450373,46.3334458,Andic
Tindi ,Gadaychi,42.470059,46.070951,Andic
Tindi ,Gvanachi,42.4606005,46.1622609,Andic
Tindi ,Sanukh,42.47054,46.13446,Andic
Tindi ,Tenla,42.465771000000004,46.128629,Andic
Tindi ,Tindi,42.454716,46.13469,Andic
Tindi ,Tissi,42.48917,46.14395,Andic
Tindi ,Tissi-Akhitli,42.501506,46.103922999999995,Andic
Tindi ,Khalikh,42.48467,46.09121,Andic
Tindi ,Echeda,42.43436,45.992398,Andic
Tsakhur ,Gel'mets,41.62466,47.17889,Lezgic
Tsakhur ,Dzhinykh,41.67245,47.04479,Lezgic
Tsakhur ,Kal'yal,41.684366,47.003665000000005,Lezgic
Tsakhur ,Korsh,41.66952,47.06211,Lezgic
Tsakhur ,Kurdul,41.581424,47.177309,Lezgic
Tsakhur ,Mikikh,41.63753,47.16822,Lezgic
Tsakhur ,Mishlesh,41.6649,47.089775,Lezgic
Tsakhur ,Muslakh,41.65889,47.11185,Lezgic
Tsakhur ,Mukhakh,41.70068,46.991105,Lezgic
Tsakhur ,Ottal,41.667678,47.012864,Lezgic
Tsakhur ,Syugut,41.649440000000006,47.11833,Lezgic
Tsakhur ,Tsakhur,41.651115000000004,47.135943,Lezgic
Tsez сагадинский,Mitluda,42.366929999999996,45.94512,Tsezic
Tsez сагадинский,Sagada,42.38941,45.91798,Tsezic
Tsez сагадинский,Tlyatsuda,42.34923,45.924929999999996,Tsezic
Tsez цезский,Azilta,42.260166,45.938182,Tsezic
Tsez цезский,Akdy,42.25829,45.82798,Tsezic
Tsez цезский,Asakh,42.26311,45.81684,Tsezic
Tsez цезский,Berikh,42.23806,46.053059999999995,Tsezic
Tsez цезский,Vitsiyatl',42.197434,45.888164,Tsezic
Tsez цезский,Galatli,42.288201,45.894106,Tsezic
Tsez цезский,Geniyatl',42.238279999999996,46.035044,Tsezic
Tsez цезский,Gutatli,42.207019,45.936713,Tsezic
Tsez цезский,Zekhida,42.19594,45.94664,Tsezic
Tsez цезский,Itsirakh,42.244662,45.849585,Tsezic
Tsez цезский,Kidero,42.1931,45.9583,Tsezic
Tsez цезский,Kimyatli,42.2488,45.823029999999996,Tsezic
Tsez цезский,Kitlyarta,42.208490000000005,45.84333,Tsezic
Tsez цезский,Kituri,42.244627,46.019304,Tsezic
Tsez цезский,Mokok,42.2619,45.9008,Tsezic
Tsez цезский,Retlob,42.24411,45.8289,Tsezic
Tsez цезский,Khalakh,42.22547,45.850837,Tsezic
Tsez цезский,Khamaitli,42.31091,45.96217,Tsezic
Tsez цезский,Khenokh,42.261829999999996,45.96692,Tsezic
Tsez цезский,Khetokh,42.25611,45.97361,Tsezic
Tsez цезский,Khibiyatl',42.187996000000005,45.874340999999994,Tsezic
Tsez цезский,Khuntli,42.23806,46.053059999999995,Tsezic
Tsez цезский,Khupri,42.20145,45.841429999999995,Tsezic
Tsez цезский,Khutrakh,42.23806,46.053059999999995,Tsezic
Tsez цезский,Khushet,42.39721,45.77278,Tsezic
Tsez цезский,Tsekhok,42.24723,45.985279999999996,Tsezic
Tsez цезский,Tsitsimakh,42.21621,45.826209999999996,Tsezic
Tsez цезский,Chalyakh,42.24114,45.837540000000004,Tsezic
Tsez цезский,Shaitli,42.23835,46.05158,Tsezic
Tsez цезский,Shapikh,42.224044,45.858118,Tsezic
Tsez цезский,Shauri,42.270484,45.941421000000005,Tsezic
Tsez цезский,El'bok,42.183907,45.906506,Tsezic
Xvarshi ,Inkhokvari,42.410888,46.044877,Tsezic
Xvarshi ,Kvantlada,42.39204,46.06382,Tsezic
Xvarshi ,Santlada,42.38431,46.07505,Tsezic
Xvarshi ,Khvarshi,42.353471,46.107859000000005,Tsezic
